<?xml version="1.0" encoding="UTF-8"?>
<project-private xmlns="http://www.netbeans.org/ns/project-private/1">
    <editor-bookmarks xmlns="http://www.netbeans.org/ns/editor-bookmarks/2" lastBookmarkId="0"/>
    <open-files xmlns="http://www.netbeans.org/ns/projectui-open-files/2">
        <group>
            <file>file:/D:/xampp/htdocs/Kalolsavam2/stagemgr_header.php</file>
            <file>file:/D:/xampp/htdocs/Kalolsavam2/stagemgr_viewresultlist3.php</file>
            <file>file:/D:/xampp/htdocs/Kalolsavam2/st_signup.php</file>
            <file>file:/D:/xampp/htdocs/Kalolsavam2/topscorer.php</file>
            <file>file:/D:/xampp/htdocs/Kalolsavam2/Admin_add_program.php</file>
            <file>file:/D:/xampp/htdocs/Kalolsavam2/index.php</file>
            <file>file:/D:/xampp/htdocs/Kalolsavam2/stagemgr_stageallocation.php</file>
            <file>file:/D:/xampp/htdocs/Kalolsavam2/topscorer2.php</file>
        </group>
    </open-files>
</project-private>
